{
    "problem": "M/M-n101-k10",
    "cost": 1067,
    "best known": 820,
    "gap": 0.30122,
    "time in seconds": 5290.26,
    "seconds per loop": 0.264526,
    "nodes": 101,
    "vehicles": 10,
    "capacity": 200,
    "crossover rate": 0.6,
    "mutation rate": 0.3,
    "mutation portion": 0.05,
    "population size": 2048,
    "generations": 19999,
    "threads": 128,
    "genes: [
        163890, 167895090, 167886903, 167874615, 335618123, 335605835, 167833680, 167862357, 671170640, 503406667, 167915589, 167927878, 335708226, 163890, 335781963, 168038482, 671354965, 335818837, 503595068, 168030266, 
        168017975, 167976990, 167956510, 167915552, 167915550, 167895070, 167907363, 163890, 671252495, 167944207, 335724549, 503480325, 335585315, 671121448, 503357480, 167874610, 163890, 335728705, 167956548, 167997520, 
        168018000, 503570512, 503562325, 335769685, 335646805, 671170645, 167915586, 163890, 167956515, 167968798, 671260682, 503472133, 335687685, 167927823, 167903262, 335679520, 503439392, 167886883, 167895075, 163890, 
        335667252, 335659060, 167866420, 167854130, 167854135, 335638583, 335700036, 335708229, 503500870, 167944260, 167944258, 167944257, 163890, 335810615, 168042551, 503664675, 335904803, 168140835, 335933475, 503705630, 
        168149022, 168132638, 168128542, 168120345, 167989278, 167964707, 163890, 671191092, 335577133, 167792685, 335544365, 503316520, 335552552, 167792675, 167874590, 167886878, 167878688, 167874595, 163890, 335749155, 
        839077923, 335851575, 168067127, 335831098, 503582780, 168017980, 163890, 839065640, 167968808, 167964712, 163890, 163890, 163890, 163890, 163890, 163890, 163890, 163890, 163890, 163890, 
        163890, 163890, 163890, 163890, 163890, 163890, 163890, 163890, 163890, 163890, 163890, 163890, 163890, 163890, 163890, 163890, 163890, 163890, 163890, 163890, 
        163890, 163890, 163890, 163890, 163890, 163890, 163890, 163890, 163890, 163890, 163890, 163890, 163890, 163890, 163890, 163890, 163890, 163890, 163890, 163890, 
        163890, 163890, 163890, 163890, 163890, 163890, 163890, 163890, 163890, 163890, 163890, 163890, 163890, 163890, 163890, 163890, 163890, 163890, 163890, 163890, 
        163890, 163890, 163890, 163890, 163890, 163890, 163890, 163890, 163890, 163890, 163890, 163890, 163890, 163890, 163890, 163890, 163890, 163890, 163890, 163890, 
        163890
    ]
}