{
    "problem": "M/M-n151-k12",
    "cost": 1496,
    "best known": 1053,
    "gap": 0.420703,
    "time in seconds": 14395,
    "seconds per loop": 0.719787,
    "nodes": 151,
    "vehicles": 12,
    "capacity": 200,
    "crossover rate": 0.6,
    "mutation rate": 0.3,
    "mutation portion": 0.05,
    "population size": 3072,
    "generations": 19999,
    "threads": 128,
    "genes: [
        143395, 83968050, 318836799, 151056461, 503341124, 167804980, 16785456, 151035947, 268460070, 33574942, 117485599, 302034958, 117460998, 268455941, 218189834, 50442263, 151076890, 184639515, 251764771, 143395, 
        100814895, 151101492, 285315127, 318865466, 386003006, 235057219, 151179329, 268660796, 285466687, 469995578, 184766516, 100900912, 386109488, 143395, 50434078, 469848088, 33644566, 117571596, 134340613, 167931914, 
        520339468, 419704837, 100929556, 50597923, 151257130, 235098155, 251871273, 285397022, 352485406, 143395, 268578856, 268558396, 117551172, 50458691, 84037688, 134389817, 218296367, 100892709, 319004699, 318992404, 
        84094997, 419622928, 302190603, 302174218, 117583889, 151158809, 143395, 151105579, 251744303, 201408552, 218152984, 385896473, 587218962, 453025809, 318808084, 16838675, 285286418, 369172504, 143395, 235032607, 
        436322322, 134299668, 151048205, 335605770, 117534723, 83984396, 268558351, 84058119, 151175185, 168001573, 604209191, 218304554, 268603429, 143395, 218329133, 134471722, 50581556, 235147319, 134475841, 100921413, 
        335798349, 251891780, 268648512, 436432950, 503517233, 167940145, 201482286, 143395, 604033076, 268501049, 285274172, 201408577, 386019397, 184700997, 352485436, 117592116, 453111860, 251781168, 84017191, 143395, 
        251842595, 302223389, 436457505, 33812503, 235122703, 486764549, 100880396, 167919632, 151126038, 385998873, 486666272, 143395, 687935521, 436269086, 687931414, 167850005, 201429013, 335646744, 453091355, 143395, 
        419532832, 50401314, 184606757, 469790758, 352370730, 268496943, 453017656, 83894332, 184569920, 167882821, 419631177, 167972922, 143395, 302137370, 386064394, 134406157, 184733716, 302186524, 184762401, 318971939, 
        318939177, 143395, 143395, 143395, 143395, 143395, 143395, 143395, 143395, 143395, 143395, 143395, 143395, 143395, 143395, 143395, 143395, 143395, 143395, 143395, 
        143395, 143395, 143395, 143395, 143395, 143395, 143395, 143395, 143395, 143395, 143395, 143395, 143395, 143395, 143395, 143395, 143395, 143395, 143395, 143395, 
        143395, 143395, 143395, 143395, 143395, 143395, 143395, 143395, 143395, 143395, 143395, 143395, 143395, 143395, 143395, 143395, 143395, 143395, 143395, 143395, 
        143395, 143395, 143395, 143395, 143395, 143395, 143395, 143395, 143395, 143395, 143395, 143395, 143395, 143395, 143395, 143395, 143395, 143395, 143395, 143395, 
        143395, 143395, 143395, 143395, 143395, 143395, 143395, 143395, 143395, 143395, 143395, 143395, 143395, 143395, 143395, 143395, 143395, 143395, 143395, 143395, 
        143395, 143395, 143395, 143395, 143395, 143395, 143395, 143395, 143395, 143395, 143395, 143395, 143395, 143395, 143395, 143395, 143395, 143395, 143395, 143395, 
        143395, 143395, 143395, 143395, 143395, 143395, 143395, 143395, 143395, 143395, 143395, 143395, 143395, 143395, 143395, 143395, 143395, 143395, 143395, 143395, 
        143395
    ]
}