{
    "problem": "M/M-n121-k7",
    "cost": 1290,
    "best known": 1034,
    "gap": 0.247582,
    "time in seconds": 24812.5,
    "seconds per loop": 1.24069,
    "nodes": 121,
    "vehicles": 7,
    "capacity": 200,
    "crossover rate": 0.6,
    "mutation rate": 0.3,
    "mutation portion": 0.05,
    "population size": 2304,
    "generations": 19999,
    "threads": 128,
    "genes: [
        41005, 218124338, 235024469, 285364307, 117620822, 184737879, 218292313, 587391065, 117645400, 167993434, 50552918, 469966933, 84082771, 201449527, 117530675, 184631346, 100724787, 41005, 117514293, 201678894, 
        302342185, 168149034, 184934442, 117825580, 67514414, 84279338, 151363599, 50675721, 184893443, 100999171, 134541315, 285523974, 218402822, 302288904, 251732008, 352383018, 41005, 201424932, 67211299, 235008007, 
        84029447, 218267653, 201486339, 302137347, 251801605, 251797510, 100794373, 218230789, 419532801, 117542915, 117481507, 335564840, 201367592, 41005, 201408567, 268578903, 151183443, 184889427, 235229269, 268791894, 
        84254808, 268816473, 218509401, 285601872, 285593682, 201674833, 218443856, 285315117, 117522476, 67153962, 41005, 201646083, 117788673, 33910789, 67465223, 67457032, 168116229, 84221959, 268759045, 218423305, 
        251981835, 117751821, 67420170, 285405190, 318955529, 184688649, 84017161, 184623134, 184623135, 117506081, 83951670, 134275122, 41005, 218308688, 168120409, 235266134, 117821524, 134574160, 319135821, 285560887, 
        268800052, 151371828, 352727090, 218488880, 235245614, 335908907, 235233324, 41005, 151060525, 184606760, 117493800, 134279204, 167841827, 134283302, 268509225, 67190824, 268521511, 218206245, 201441313, 218239014, 
        184672302, 117563442, 167874612, 167862316, 184631341, 151068721, 184614960, 41005, 41005, 41005, 41005, 41005, 41005, 41005, 41005, 41005, 41005, 41005, 41005, 41005, 
        41005, 41005, 41005, 41005, 41005, 41005, 41005, 41005, 41005, 41005, 41005, 41005, 41005, 41005, 41005, 41005, 41005, 41005, 41005, 41005, 
        41005, 41005, 41005, 41005, 41005, 41005, 41005, 41005, 41005, 41005, 41005, 41005, 41005, 41005, 41005, 41005, 41005, 41005, 41005, 41005, 
        41005, 41005, 41005, 41005, 41005, 41005, 41005, 41005, 41005, 41005, 41005, 41005, 41005, 41005, 41005, 41005, 41005, 41005, 41005, 41005, 
        41005, 41005, 41005, 41005, 41005, 41005, 41005, 41005, 41005, 41005, 41005, 41005, 41005, 41005, 41005, 41005, 41005, 41005, 41005, 41005, 
        41005, 41005, 41005, 41005, 41005, 41005, 41005, 41005, 41005, 41005, 41005, 41005, 41005, 41005, 41005, 41005, 41005, 41005, 41005, 41005, 
        41005
    ]
}