{
    "problem": "M/M-n200-k17",
    "cost": 1935,
    "best known": 1373,
    "gap": 0.409323,
    "time in seconds": 28937.6,
    "seconds per loop": 1.44695,
    "nodes": 200,
    "vehicles": 17,
    "capacity": 200,
    "crossover rate": 0.6,
    "mutation rate": 0.3,
    "mutation portion": 0.05,
    "population size": 4096,
    "generations": 19999,
    "threads": 128,
    "genes: [
        143395, 167940145, 134389817, 352485436, 268558396, 50458691, 151179329, 268648512, 620982337, 167972922, 436432950, 184766516, 218304554, 285437986, 143395, 151175185, 469942285, 419622928, 33812503, 50597923, 
        151257130, 235147319, 520347705, 100900912, 218329133, 268660781, 235098155, 184762401, 251842595, 143395, 268603429, 285397022, 352546836, 235126799, 486764549, 302190603, 386064394, 167931914, 201433101, 83984396, 
        184610830, 50442263, 318902306, 143395, 167850005, 218152984, 469790758, 167804980, 453017656, 83894332, 184569920, 201408577, 419557452, 386019397, 453111860, 100814895, 143395, 335646744, 369172504, 251707409, 
        318808084, 100708380, 117485599, 687935521, 50401314, 201408552, 184635437, 285298736, 335679532, 143395, 302186524, 436457505, 100929556, 369369102, 419704837, 520339468, 134406157, 302174218, 167919632, 117583889, 
        369274906, 143395, 604209191, 386109488, 469995578, 285466687, 335798349, 402845762, 386003006, 285274172, 16785456, 151035947, 143395, 385998873, 436322322, 117571596, 117534723, 218189834, 302055443, 436269086, 
        184606757, 83935270, 268501049, 469852213, 268578867, 143395, 235032607, 352526366, 318971939, 318971944, 251871273, 453193770, 268660796, 503517233, 302157870, 318939177, 143395, 486666272, 151126038, 486682640, 
        84058119, 134340613, 268455941, 117460998, 587218962, 302034958, 151048205, 16838675, 285286418, 134299668, 33644566, 50434078, 143395, 218316826, 302223389, 319004699, 134471704, 318992404, 235122703, 201547786, 
        100880396, 318971919, 84094997, 335740949, 184733716, 151158809, 436355098, 143395, 453091357, 184639515, 352370730, 268496943, 218140728, 503341124, 151056461, 234950720, 318836799, 285315127, 151101492, 83968050, 
        151105579, 143395, 453091355, 469848088, 687931414, 453025809, 385896473, 151076890, 419532832, 251764771, 143395, 218296367, 251863090, 167997490, 50581556, 134475841, 100921413, 251891780, 419631177, 235057219, 
        436371522, 167882821, 117551172, 84037688, 117592116, 201482286, 268578856, 84017191, 143395, 302137370, 268558351, 201429013, 302080022, 335605770, 33574942, 268460070, 453013547, 604033076, 251744303, 318853156, 
        143395, 503500835, 100892709, 168001573, 201580579, 134471722, 251912240, 184700997, 486645819, 318865466, 553771058, 251781168, 143395, 352485406, 143395, 143395, 143395, 143395, 143395, 143395, 
        143395, 143395, 143395, 143395, 143395, 143395, 143395, 143395, 143395, 143395, 143395, 143395, 143395, 143395, 143395, 143395, 143395, 143395, 143395, 143395, 
        143395, 143395, 143395, 143395, 143395, 143395, 143395, 143395, 143395, 143395, 143395, 143395, 143395, 143395, 143395, 143395, 143395, 143395, 143395, 143395, 
        143395, 143395, 143395, 143395, 143395, 143395, 143395, 143395, 143395, 143395, 143395, 143395, 143395, 143395, 143395, 143395, 143395, 143395, 143395, 143395, 
        143395, 143395, 143395, 143395, 143395, 143395, 143395, 143395, 143395, 143395, 143395, 143395, 143395, 143395, 143395, 143395, 143395, 143395, 143395, 143395, 
        143395, 143395, 143395, 143395, 143395, 143395, 143395, 143395, 143395, 143395, 143395, 143395, 143395, 143395, 143395, 143395, 143395, 143395, 143395, 143395, 
        143395, 143395, 143395, 143395, 143395, 143395, 143395, 143395, 143395, 143395, 143395, 143395, 143395, 143395, 143395, 143395, 143395, 143395, 143395, 143395, 
        143395, 143395, 143395, 143395, 143395, 143395, 143395, 143395, 143395, 143395, 143395, 143395, 143395, 143395, 143395, 143395, 143395, 143395, 143395, 143395, 
        143395, 143395, 143395, 143395, 143395, 143395, 143395, 143395, 143395, 143395, 143395, 143395, 143395, 143395, 143395, 143395, 143395, 143395, 143395, 143395, 
        143395, 143395, 143395, 143395, 143395, 143395, 143395, 143395, 143395, 143395, 143395, 143395, 143395, 143395, 143395, 143395, 143395, 143395, 143395
    ]
}