{
    "problem": "P/P-n101-k4",
    "cost": 827,
    "best known": 681,
    "gap": 0.214391,
    "time in seconds": 38832.5,
    "seconds per loop": 1.94172,
    "nodes": 101,
    "vehicles": 4,
    "capacity": 400,
    "crossover rate": 0.6,
    "mutation rate": 0.3,
    "mutation portion": 0.05,
    "population size": 2048,
    "generations": 19999,
    "threads": 128,
    "genes: [
        143395, 251764771, 201408552, 151105579, 83968050, 83894332, 503341124, 151056461, 201408577, 167882821, 50458691, 386019397, 268558396, 84037688, 352485436, 151179329, 419631177, 335798349, 251891780, 134475841, 
        268660796, 167972922, 218296367, 268603429, 235032607, 302137370, 385998873, 335646744, 184639515, 50434078, 143395, 285397022, 318971939, 218329133, 386109488, 184766516, 436432950, 50581556, 235147319, 151257130, 
        50597923, 33812503, 100929556, 520339468, 419704837, 486764549, 100880396, 117571596, 83984396, 335605770, 302034958, 16838675, 218152984, 436269086, 50401314, 184606757, 268496943, 453111860, 167940145, 100814895, 
        143395, 268578856, 151101492, 318865466, 285274172, 604033076, 453017656, 16785456, 151035947, 268460070, 33574942, 117485599, 369172504, 687931414, 318808084, 587218962, 268455941, 117534723, 134340613, 84058119, 
        302174218, 302190603, 134406157, 419622928, 151175185, 151158809, 143395, 218304554, 235098155, 604209191, 100892709, 302223389, 318992404, 184733716, 117583889, 436322322, 201429013, 33644566, 134299668, 285286418, 
        167850005, 469848088, 151076890, 453091355, 143395, 143395, 143395, 143395, 143395, 143395, 143395, 143395, 143395, 143395, 143395, 143395, 143395, 143395, 143395, 143395, 
        143395, 143395, 143395, 143395, 143395, 143395, 143395, 143395, 143395, 143395, 143395, 143395, 143395, 143395, 143395, 143395, 143395, 143395, 143395, 143395, 
        143395, 143395, 143395, 143395, 143395, 143395, 143395, 143395, 143395, 143395, 143395, 143395, 143395, 143395, 143395, 143395, 143395, 143395, 143395, 143395, 
        143395, 143395, 143395, 143395, 143395, 143395, 143395, 143395, 143395, 143395, 143395, 143395, 143395, 143395, 143395, 143395, 143395, 143395, 143395, 143395, 
        143395, 143395, 143395, 143395, 143395, 143395, 143395, 143395, 143395, 143395, 143395, 143395, 143395, 143395, 143395, 143395, 143395, 143395, 143395, 143395, 
        143395
    ]
}