{
    "problem": "P/P-n45-k5",
    "cost": 529,
    "best known": 510,
    "gap": 0.0372549,
    "time in seconds": 1524.87,
    "seconds per loop": 0.0762472,
    "nodes": 45,
    "vehicles": 5,
    "capacity": 150,
    "crossover rate": 0.6,
    "mutation rate": 0.3,
    "mutation portion": 0.05,
    "population size": 1024,
    "generations": 19999,
    "threads": 128,
    "genes: [
        122920, 352485406, 184762401, 436457505, 319004699, 84094997, 235122703, 386064394, 167919632, 151126038, 50442263, 151076890, 122920, 318939177, 251842595, 251871273, 134471722, 100900912, 469995578, 285466687, 
        100921413, 268648512, 134389817, 117592116, 122920, 352370730, 385896473, 453025809, 117460998, 151048205, 218189834, 268558351, 486666272, 122920, 251744303, 268501049, 318836799, 184569920, 167804980, 469790758, 
        687935521, 122920, 201482286, 503517233, 235057219, 184700997, 117551172, 386003006, 251781168, 122920, 122920, 122920, 122920, 122920, 122920, 122920, 122920, 122920, 122920, 122920, 
        122920, 122920, 122920, 122920, 122920, 122920, 122920, 122920, 122920, 122920, 122920, 122920, 122920, 122920, 122920, 122920, 122920, 122920, 122920, 122920, 
        122920, 122920, 122920, 122920, 122920, 122920, 122920, 122920, 122920
    ]
}