{
    "problem": "P/P-n40-k5",
    "cost": 477,
    "best known": 458,
    "gap": 0.0414847,
    "time in seconds": 1274.14,
    "seconds per loop": 0.06371,
    "nodes": 40,
    "vehicles": 5,
    "capacity": 140,
    "crossover rate": 0.6,
    "mutation rate": 0.3,
    "mutation portion": 0.05,
    "population size": 768,
    "generations": 19999,
    "threads": 128,
    "genes: [
        122920, 352485406, 436457505, 319004699, 84094997, 235122703, 386064394, 167919632, 151126038, 50442263, 122920, 486666272, 151076890, 151048205, 385896473, 469790758, 687935521, 122920, 251781168, 386003006, 
        184700997, 117551172, 318836799, 268501049, 167804980, 352370730, 251744303, 122920, 117592116, 134389817, 235057219, 268648512, 100921413, 285466687, 469995578, 100900912, 134471722, 184762401, 251842595, 122920, 
        318939177, 251871273, 503517233, 201482286, 122920, 122920, 122920, 122920, 122920, 122920, 122920, 122920, 122920, 122920, 122920, 122920, 122920, 122920, 122920, 122920, 
        122920, 122920, 122920, 122920, 122920, 122920, 122920, 122920, 122920, 122920, 122920, 122920, 122920, 122920, 122920, 122920, 122920, 122920, 122920
    ]
}