{
    "problem": "P/P-n55-k15",
    "cost": 984,
    "best known": 989,
    "gap": -0.00505561,
    "time in seconds": 207.256,
    "seconds per loop": 0.0566428,
    "nodes": 55,
    "vehicles": 15,
    "capacity": 70,
    "crossover rate": 0.6,
    "mutation rate": 0.3,
    "mutation portion": 0.05,
    "population size": 1024,
    "generations": 3659,
    "threads": 128,
    "genes: [
        163880, 302157870, 268709929, 201580579, 285437986, 163880, 520347705, 369324089, 251863090, 163880, 453091357, 302080022, 251707409, 100708380, 163880, 167997490, 251912240, 268660781, 453193770, 163880, 
        503500835, 318988326, 318971944, 163880, 335679532, 553771058, 268578867, 163880, 486645819, 469852213, 184635437, 163880, 352526366, 335740949, 369274906, 163880, 134471704, 369369102, 352546836, 318971919, 
        163880, 486682640, 201433101, 184610830, 302055443, 163880, 469942285, 201547786, 235126799, 218316826, 163880, 402845762, 620982337, 163880, 268558396, 419557452, 436371522, 163880, 201445415, 318853156, 
        83935270, 453013547, 163880, 285298736, 369160248, 218140728, 234950720, 163880, 318902306, 436355098, 163880, 163880, 163880, 163880, 163880, 163880, 163880, 163880, 163880, 163880, 
        163880, 163880, 163880, 163880, 163880, 163880, 163880, 163880, 163880, 163880, 163880, 163880, 163880, 163880, 163880, 163880, 163880, 163880, 163880, 163880, 
        163880, 163880, 163880, 163880, 163880, 163880, 163880, 163880, 163880
    ]
}