{
    "problem": "P/P-n51-k10",
    "cost": 765,
    "best known": 741,
    "gap": 0.0323887,
    "time in seconds": 1197.39,
    "seconds per loop": 0.0598723,
    "nodes": 51,
    "vehicles": 10,
    "capacity": 80,
    "crossover rate": 0.6,
    "mutation rate": 0.3,
    "mutation portion": 0.05,
    "population size": 1024,
    "generations": 19999,
    "threads": 128,
    "genes: [
        122920, 486666272, 50442263, 151126038, 352485406, 201482286, 84017191, 122920, 168001573, 436457505, 134471722, 100900912, 503517233, 122920, 469995578, 285466687, 100921413, 268648512, 134389817, 122920, 
        251781168, 386003006, 117551172, 184700997, 235057219, 117592116, 122920, 167804980, 184569920, 318836799, 268501049, 285315127, 122920, 469790758, 385896473, 453025809, 122920, 268558351, 218189834, 117460998, 
        151048205, 151076890, 419532832, 122920, 302186524, 84094997, 235122703, 386064394, 167931914, 167919632, 122920, 251842595, 184762401, 319004699, 251871273, 318939177, 122920, 687935521, 352370730, 251744303, 
        122920, 122920, 122920, 122920, 122920, 122920, 122920, 122920, 122920, 122920, 122920, 122920, 122920, 122920, 122920, 122920, 122920, 122920, 122920, 122920, 
        122920, 122920, 122920, 122920, 122920, 122920, 122920, 122920, 122920, 122920, 122920, 122920, 122920, 122920, 122920, 122920, 122920, 122920, 122920, 122920, 
        122920
    ]
}