{
    "problem": "P/P-n50-k7",
    "cost": 596,
    "best known": 554,
    "gap": 0.0758123,
    "time in seconds": 1336.13,
    "seconds per loop": 0.06681,
    "nodes": 50,
    "vehicles": 7,
    "capacity": 150,
    "crossover rate": 0.6,
    "mutation rate": 0.3,
    "mutation portion": 0.05,
    "population size": 1024,
    "generations": 19999,
    "threads": 128,
    "genes: [
        163880, 503500835, 218316826, 352546836, 201547786, 235126799, 369369102, 134471704, 201580579, 163880, 335679532, 268578867, 486645819, 234950720, 218140728, 453013547, 83935270, 100708380, 318902306, 163880, 
        302157870, 251863090, 167997490, 520347705, 251912240, 268660781, 453193770, 163880, 318971919, 469942285, 486682640, 201433101, 184610830, 251707409, 302055443, 302080022, 163880, 620982337, 402845762, 436371522, 
        419557452, 268558396, 163880, 436355098, 369274906, 335740949, 352526366, 285437986, 318971944, 163880, 553771058, 469852213, 285298736, 184635437, 318853156, 453091357, 163880, 163880, 163880, 163880, 
        163880, 163880, 163880, 163880, 163880, 163880, 163880, 163880, 163880, 163880, 163880, 163880, 163880, 163880, 163880, 163880, 163880, 163880, 163880, 163880, 
        163880, 163880, 163880, 163880, 163880, 163880, 163880, 163880, 163880, 163880, 163880, 163880, 163880, 163880, 163880, 163880, 163880, 163880, 163880
    ]
}