{
    "problem": "P/P-n55-k10",
    "cost": 719,
    "best known": 694,
    "gap": 0.0360231,
    "time in seconds": 1258.9,
    "seconds per loop": 0.0629483,
    "nodes": 55,
    "vehicles": 10,
    "capacity": 115,
    "crossover rate": 0.6,
    "mutation rate": 0.3,
    "mutation portion": 0.05,
    "population size": 1024,
    "generations": 19999,
    "threads": 128,
    "genes: [
        163880, 302157870, 402845762, 620982337, 369324089, 167997490, 163880, 503500835, 352526366, 285437986, 318988326, 318971944, 163880, 436355098, 486682640, 201433101, 302080022, 318902306, 163880, 268709929, 
        201580579, 134471704, 369369102, 235126799, 201547786, 469942285, 163880, 83935270, 453013547, 218140728, 234950720, 369160248, 285298736, 184635437, 163880, 201445415, 318853156, 100708380, 251707409, 184610830, 
        302055443, 453091357, 163880, 251863090, 520347705, 251912240, 268660781, 453193770, 163880, 369274906, 335740949, 318971919, 352546836, 218316826, 163880, 436371522, 419557452, 486645819, 268558396, 268578867, 
        163880, 553771058, 469852213, 335679532, 163880, 163880, 163880, 163880, 163880, 163880, 163880, 163880, 163880, 163880, 163880, 163880, 163880, 163880, 163880, 163880, 
        163880, 163880, 163880, 163880, 163880, 163880, 163880, 163880, 163880, 163880, 163880, 163880, 163880, 163880, 163880, 163880, 163880, 163880, 163880, 163880, 
        163880, 163880, 163880, 163880, 163880, 163880, 163880, 163880, 163880
    ]
}