{
    "problem": "P/P-n50-k8",
    "cost": 653,
    "best known": 631,
    "gap": 0.0348653,
    "time in seconds": 1216.52,
    "seconds per loop": 0.0608288,
    "nodes": 50,
    "vehicles": 8,
    "capacity": 120,
    "crossover rate": 0.6,
    "mutation rate": 0.3,
    "mutation portion": 0.05,
    "population size": 1024,
    "generations": 19999,
    "threads": 128,
    "genes: [
        163880, 436371522, 419557452, 234950720, 218140728, 453013547, 83935270, 163880, 503500835, 453193770, 268660781, 251912240, 167997490, 251863090, 163880, 201580579, 134471704, 369369102, 235126799, 201547786, 
        318971919, 469942285, 163880, 318853156, 100708380, 251707409, 184610830, 302055443, 302080022, 453091357, 163880, 268578867, 268558396, 486645819, 469852213, 285298736, 184635437, 163880, 302157870, 402845762, 
        620982337, 520347705, 163880, 369274906, 486682640, 201433101, 436355098, 318902306, 163880, 335740949, 352546836, 218316826, 352526366, 285437986, 318971944, 163880, 335679532, 553771058, 163880, 163880, 
        163880, 163880, 163880, 163880, 163880, 163880, 163880, 163880, 163880, 163880, 163880, 163880, 163880, 163880, 163880, 163880, 163880, 163880, 163880, 163880, 
        163880, 163880, 163880, 163880, 163880, 163880, 163880, 163880, 163880, 163880, 163880, 163880, 163880, 163880, 163880, 163880, 163880, 163880, 163880
    ]
}