{
    "problem": "P/P-n55-k7",
    "cost": 596,
    "best known": 568,
    "gap": 0.0492958,
    "time in seconds": 1527.6,
    "seconds per loop": 0.0763837,
    "nodes": 55,
    "vehicles": 7,
    "capacity": 170,
    "crossover rate": 0.6,
    "mutation rate": 0.3,
    "mutation portion": 0.05,
    "population size": 1024,
    "generations": 19999,
    "threads": 128,
    "genes: [
        163880, 369274906, 469942285, 486682640, 201433101, 302080022, 302055443, 184610830, 251707409, 100708380, 83935270, 163880, 335679532, 553771058, 268558396, 486645819, 469852213, 285298736, 184635437, 201445415, 
        163880, 302157870, 402845762, 620982337, 520347705, 369324089, 167997490, 251863090, 163880, 335740949, 318971919, 201547786, 235126799, 369369102, 134471704, 352546836, 218316826, 503500835, 163880, 268578867, 
        436371522, 419557452, 234950720, 369160248, 218140728, 453013547, 318853156, 163880, 318971944, 453193770, 268660781, 251912240, 268709929, 201580579, 318988326, 285437986, 352526366, 163880, 318902306, 453091357, 
        436355098, 163880, 163880, 163880, 163880, 163880, 163880, 163880, 163880, 163880, 163880, 163880, 163880, 163880, 163880, 163880, 163880, 163880, 163880, 163880, 
        163880, 163880, 163880, 163880, 163880, 163880, 163880, 163880, 163880, 163880, 163880, 163880, 163880, 163880, 163880, 163880, 163880, 163880, 163880, 163880, 
        163880, 163880, 163880, 163880, 163880, 163880, 163880, 163880, 163880
    ]
}