{
    "problem": "P/P-n50-k10",
    "cost": 715,
    "best known": 696,
    "gap": 0.0272989,
    "time in seconds": 1169.16,
    "seconds per loop": 0.0584609,
    "nodes": 50,
    "vehicles": 10,
    "capacity": 100,
    "crossover rate": 0.6,
    "mutation rate": 0.3,
    "mutation portion": 0.05,
    "population size": 1024,
    "generations": 19999,
    "threads": 128,
    "genes: [
        163880, 318853156, 100708380, 302055443, 251707409, 184610830, 201433101, 302080022, 163880, 520347705, 620982337, 402845762, 163880, 268578867, 268558396, 234950720, 218140728, 453013547, 83935270, 163880, 
        318902306, 453091357, 436355098, 369274906, 163880, 218316826, 352546836, 201547786, 235126799, 369369102, 134471704, 163880, 503500835, 352526366, 285437986, 201580579, 318971944, 163880, 436371522, 419557452, 
        486645819, 335679532, 163880, 184635437, 285298736, 469852213, 553771058, 163880, 453193770, 268660781, 251912240, 167997490, 251863090, 163880, 486682640, 469942285, 318971919, 335740949, 163880, 302157870, 
        163880, 163880, 163880, 163880, 163880, 163880, 163880, 163880, 163880, 163880, 163880, 163880, 163880, 163880, 163880, 163880, 163880, 163880, 163880, 163880, 
        163880, 163880, 163880, 163880, 163880, 163880, 163880, 163880, 163880, 163880, 163880, 163880, 163880, 163880, 163880, 163880, 163880, 163880, 163880
    ]
}