{
    "problem": "P/P-n55-k8",
    "cost": 620,
    "best known": 588,
    "gap": 0.0544218,
    "time in seconds": 1467.31,
    "seconds per loop": 0.073369,
    "nodes": 55,
    "vehicles": 8,
    "capacity": 160,
    "crossover rate": 0.6,
    "mutation rate": 0.3,
    "mutation portion": 0.05,
    "population size": 1024,
    "generations": 19999,
    "threads": 128,
    "genes: [
        163880, 285298736, 369160248, 218140728, 234950720, 419557452, 486645819, 268558396, 268578867, 163880, 318971944, 318988326, 201580579, 268709929, 251912240, 520347705, 369324089, 251863090, 163880, 318902306, 
        436355098, 302080022, 453091357, 318853156, 184635437, 201445415, 335679532, 163880, 285437986, 134471704, 369369102, 235126799, 201547786, 318971919, 469942285, 486682640, 163880, 453193770, 268660781, 167997490, 
        620982337, 402845762, 436371522, 302157870, 163880, 553771058, 469852213, 453013547, 83935270, 100708380, 302055443, 251707409, 184610830, 201433101, 163880, 503500835, 352526366, 218316826, 352546836, 335740949, 
        369274906, 163880, 163880, 163880, 163880, 163880, 163880, 163880, 163880, 163880, 163880, 163880, 163880, 163880, 163880, 163880, 163880, 163880, 163880, 163880, 
        163880, 163880, 163880, 163880, 163880, 163880, 163880, 163880, 163880, 163880, 163880, 163880, 163880, 163880, 163880, 163880, 163880, 163880, 163880, 163880, 
        163880, 163880, 163880, 163880, 163880, 163880, 163880, 163880, 163880
    ]
}