{
    "problem": "P/P-n60-k10",
    "cost": 790,
    "best known": 744,
    "gap": 0.061828,
    "time in seconds": 1441.61,
    "seconds per loop": 0.0720839,
    "nodes": 60,
    "vehicles": 10,
    "capacity": 120,
    "crossover rate": 0.6,
    "mutation rate": 0.3,
    "mutation portion": 0.05,
    "population size": 1280,
    "generations": 19999,
    "threads": 128,
    "genes: [
        163880, 486645819, 419557452, 436371522, 352485436, 251863090, 163880, 352546836, 235126799, 201547786, 402857988, 469942285, 318971919, 163880, 201445415, 100708380, 436232217, 251707409, 302055443, 184610830, 
        201433101, 302080022, 163880, 318853156, 83935270, 453013547, 218140728, 117481542, 234950720, 369160248, 184635437, 163880, 335679532, 285298736, 469852213, 553771058, 302157870, 163880, 503500835, 352526366, 
        218316826, 335740949, 369274906, 163880, 369324089, 620982337, 402845762, 268558396, 268578867, 163880, 285437986, 134471704, 369369102, 235147291, 201580579, 318988326, 318971944, 163880, 453193770, 268660781, 
        268709929, 251912240, 520347705, 167997490, 163880, 436355098, 486682640, 453091357, 318902306, 163880, 163880, 163880, 163880, 163880, 163880, 163880, 163880, 163880, 163880, 163880, 
        163880, 163880, 163880, 163880, 163880, 163880, 163880, 163880, 163880, 163880, 163880, 163880, 163880, 163880, 163880, 163880, 163880, 163880, 163880, 163880, 
        163880, 163880, 163880, 163880, 163880, 163880, 163880, 163880, 163880, 163880, 163880, 163880, 163880, 163880, 163880, 163880, 163880, 163880, 163880
    ]
}