{
    "problem": "P/P-n60-k15",
    "cost": 1034,
    "best known": 968,
    "gap": 0.0681818,
    "time in seconds": 1277.35,
    "seconds per loop": 0.0638707,
    "nodes": 60,
    "vehicles": 15,
    "capacity": 80,
    "crossover rate": 0.6,
    "mutation rate": 0.3,
    "mutation portion": 0.05,
    "population size": 1280,
    "generations": 19999,
    "threads": 128,
    "genes: [
        163880, 184635437, 285298736, 553771058, 268578867, 163880, 318853156, 83935270, 453013547, 100708380, 251707409, 163880, 436355098, 318902306, 201445415, 335679532, 163880, 167997490, 251912240, 268660781, 
        453193770, 163880, 218316826, 369369102, 235126799, 201547786, 318971919, 163880, 352526366, 285437986, 318988326, 318971944, 163880, 369274906, 469942285, 503500835, 163880, 453091357, 302055443, 184610830, 
        302080022, 163880, 268558396, 419557452, 234950720, 117481542, 218140728, 163880, 335740949, 486682640, 201433101, 163880, 352546836, 134471704, 235147291, 201580579, 268709929, 163880, 302157870, 352485436, 
        620982337, 163880, 469852213, 369160248, 486645819, 163880, 520347705, 402939968, 369324089, 163880, 251863090, 402845762, 436371522, 163880, 163880, 163880, 163880, 163880, 163880, 163880, 
        163880, 163880, 163880, 163880, 163880, 163880, 163880, 163880, 163880, 163880, 163880, 163880, 163880, 163880, 163880, 163880, 163880, 163880, 163880, 163880, 
        163880, 163880, 163880, 163880, 163880, 163880, 163880, 163880, 163880, 163880, 163880, 163880, 163880, 163880, 163880, 163880, 163880, 163880, 163880
    ]
}