{
    "problem": "P/P-n65-k10",
    "cost": 842,
    "best known": 792,
    "gap": 0.0631313,
    "time in seconds": 1542.17,
    "seconds per loop": 0.0771122,
    "nodes": 65,
    "vehicles": 10,
    "capacity": 130,
    "crossover rate": 0.6,
    "mutation rate": 0.3,
    "mutation portion": 0.05,
    "population size": 1280,
    "generations": 19999,
    "threads": 128,
    "genes: [
        163880, 486645819, 369160248, 218140728, 117481542, 234950720, 419557452, 268558396, 163880, 302080022, 302055443, 184610830, 469823493, 251707409, 436232217, 100708380, 163880, 369274906, 352546836, 134471704, 
        235147291, 201580579, 285437986, 503500835, 163880, 369324089, 620982337, 402939968, 520347705, 167997490, 163880, 251863090, 402845762, 436371522, 352485436, 268578867, 302157870, 163880, 352526366, 218316826, 
        486682640, 251805702, 201433101, 302112788, 318902306, 163880, 201445415, 184635437, 285298736, 469852213, 553771058, 335679532, 163880, 318971944, 318988326, 268709929, 251912240, 268660781, 453193770, 163880, 
        335740949, 235126799, 369369102, 218365956, 201547786, 318971919, 469942285, 163880, 436355098, 453091357, 184631326, 83935270, 453013547, 318853156, 163880, 163880, 163880, 163880, 163880, 163880, 
        163880, 163880, 163880, 163880, 163880, 163880, 163880, 163880, 163880, 163880, 163880, 163880, 163880, 163880, 163880, 163880, 163880, 163880, 163880, 163880, 
        163880, 163880, 163880, 163880, 163880, 163880, 163880, 163880, 163880, 163880, 163880, 163880, 163880, 163880, 163880, 163880, 163880, 163880, 163880, 163880, 
        163880, 163880, 163880, 163880, 163880, 163880, 163880, 163880, 163880
    ]
}