{
    "problem": "P/P-n70-k10",
    "cost": 877,
    "best known": 827,
    "gap": 0.0604595,
    "time in seconds": 1649.59,
    "seconds per loop": 0.0824834,
    "nodes": 70,
    "vehicles": 10,
    "capacity": 135,
    "crossover rate": 0.6,
    "mutation rate": 0.3,
    "mutation portion": 0.05,
    "population size": 1280,
    "generations": 19999,
    "threads": 128,
    "genes: [
        163880, 201445415, 184635437, 285298736, 469852213, 234950720, 117481542, 419557452, 268578867, 163880, 167927841, 369274906, 318971919, 201547786, 134422532, 251805702, 201433101, 302112788, 318902306, 163880, 
        620990536, 151199814, 402845762, 436371522, 352485436, 302157870, 163880, 453091357, 318853156, 83935270, 453013547, 218140728, 369160248, 335679532, 163880, 369324089, 620982337, 402939968, 520347705, 251863090, 
        163880, 553771058, 486645819, 268558396, 167997490, 268660781, 453193770, 163880, 235147291, 134471704, 369369102, 218365956, 235126799, 352546836, 218316826, 352526366, 163880, 302080022, 302055443, 184610830, 
        469823493, 251707409, 436232217, 100708380, 184631326, 163880, 436355098, 486682640, 469942285, 335740949, 503500835, 163880, 503500842, 251912240, 268709929, 201580579, 285437986, 318988326, 318971944, 163880, 
        163880, 163880, 163880, 163880, 163880, 163880, 163880, 163880, 163880, 163880, 163880, 163880, 163880, 163880, 163880, 163880, 163880, 163880, 163880, 163880, 
        163880, 163880, 163880, 163880, 163880, 163880, 163880, 163880, 163880, 163880, 163880, 163880, 163880, 163880, 163880, 163880, 163880, 163880, 163880, 163880, 
        163880, 163880, 163880, 163880, 163880, 163880, 163880, 163880, 163880, 163880, 163880, 163880, 163880, 163880, 163880, 163880, 163880, 163880, 163880
    ]
}