{
    "problem": "P/P-n76-k5",
    "cost": 747,
    "best known": 627,
    "gap": 0.191388,
    "time in seconds": 6591.07,
    "seconds per loop": 0.32957,
    "nodes": 76,
    "vehicles": 5,
    "capacity": 280,
    "crossover rate": 0.6,
    "mutation rate": 0.3,
    "mutation portion": 0.05,
    "population size": 1536,
    "generations": 19999,
    "threads": 128,
    "genes: [
        163880, 318853156, 184631326, 184610830, 469823493, 201433101, 251805702, 469942285, 352526366, 503500835, 453193770, 268660781, 251912240, 520347705, 167997490, 163880, 335679532, 268578867, 553771058, 184635437, 
        285298736, 218140728, 369160248, 486645819, 268558396, 16920636, 436371522, 402845762, 369324089, 251863090, 163880, 620982337, 151199814, 620990536, 402939968, 268709929, 201580579, 235147291, 134471704, 352546836, 
        218316826, 285437986, 318988326, 318971944, 503500842, 163880, 335708197, 167927841, 369274906, 335740949, 235126799, 369369102, 184819720, 218365956, 50573317, 134422532, 201547786, 318971919, 167936020, 486682640, 
        302112788, 436355098, 318902306, 163880, 302157870, 352485436, 419557452, 117481542, 234950720, 469852213, 453013547, 83935270, 100708380, 436232217, 251707409, 302055443, 302080022, 100773912, 453091357, 201445415, 
        163880, 163880, 163880, 163880, 163880, 163880, 163880, 163880, 163880, 163880, 163880, 163880, 163880, 163880, 163880, 163880, 163880, 163880, 163880, 163880, 
        163880, 163880, 163880, 163880, 163880, 163880, 163880, 163880, 163880, 163880, 163880, 163880, 163880, 163880, 163880, 163880, 163880, 163880, 163880, 163880, 
        163880, 163880, 163880, 163880, 163880, 163880, 163880, 163880, 163880, 163880, 163880, 163880, 163880, 163880, 163880, 163880, 163880, 163880, 163880, 163880, 
        163880, 163880, 163880, 163880, 163880, 163880, 163880, 163880, 163880, 163880, 163880
    ]
}