{
    "problem": "P/P-n76-k4",
    "cost": 605,
    "best known": 593,
    "gap": 0.0202361,
    "time in seconds": 10048.6,
    "seconds per loop": 0.502456,
    "nodes": 76,
    "vehicles": 4,
    "capacity": 350,
    "crossover rate": 0.6,
    "mutation rate": 0.3,
    "mutation portion": 0.05,
    "population size": 1536,
    "generations": 19999,
    "threads": 128,
    "genes: [
        163880, 201445415, 318853156, 83935270, 453013547, 218140728, 369160248, 234950720, 117481542, 419557452, 436371522, 352485436, 16920636, 268558396, 486645819, 469852213, 285298736, 184635437, 553771058, 268578867, 
        163880, 335679532, 318902306, 453091357, 184631326, 100708380, 436232217, 251707409, 469823493, 184610830, 302055443, 302080022, 100773912, 302112788, 201433101, 251805702, 486682640, 167936020, 369274906, 436355098, 
        167927841, 163880, 335708197, 503500835, 352526366, 218316826, 335740949, 318971919, 469942285, 134422532, 201547786, 50573317, 218365956, 184819720, 369369102, 235126799, 352546836, 134471704, 235147291, 201580579, 
        285437986, 318988326, 318971944, 163880, 302157870, 251863090, 167997490, 369324089, 620982337, 402845762, 151199814, 620990536, 402939968, 520347705, 251912240, 268709929, 268660781, 453193770, 503500842, 163880, 
        163880, 163880, 163880, 163880, 163880, 163880, 163880, 163880, 163880, 163880, 163880, 163880, 163880, 163880, 163880, 163880, 163880, 163880, 163880, 163880, 
        163880, 163880, 163880, 163880, 163880, 163880, 163880, 163880, 163880, 163880, 163880, 163880, 163880, 163880, 163880, 163880, 163880, 163880, 163880, 163880, 
        163880, 163880, 163880, 163880, 163880, 163880, 163880, 163880, 163880, 163880, 163880, 163880, 163880, 163880, 163880, 163880, 163880, 163880, 163880, 163880, 
        163880, 163880, 163880, 163880, 163880, 163880, 163880, 163880, 163880, 163880, 163880
    ]
}